name	id	q_cover	e_val	hit_length	isoform	precursor	extra
interferon-induced GTP-binding protein Mx1	XP_007966881.1	0.9984917043740572	0.0	662			Chlorocebus sabaeus]
interferon-induced GTP-binding protein Mx2	XP_007966841.1	0.9683257918552036	0.0	656	 X1 [Chlorocebus sabaeus]		
dynamin-2	XP_007993440.1	0.7179487179487181	3.4921599999999994e-68	488	 X1 [Chlorocebus sabaeus]		
dynamin-1	XP_008004271.1	0.7104072398190046	4.3634699999999994e-67	482	 X10 [Chlorocebus sabaeus]		
dynamin-3	XP_007987690.1	0.6395173453996983	1.7612299999999998e-65	434	 X1 [Chlorocebus sabaeus]		
