name	id	q_cover	e_val	hit_length	isoform	precursor	extra
interferon-induced GTP-binding protein Mx1	XP_012357180.1	0.9984917043740572	0.0	662	 X1 [Nomascus leucogenys]		
interferon-induced GTP-binding protein Mx2	XP_030662121.1	0.9396681749622926	0.0	625			Nomascus leucogenys]
dynamin-2	XP_030676711.1	0.7179487179487181	2.7575799999999994e-68	488			Nomascus leucogenys]
dynamin-1	XP_030673779.1	0.7104072398190046	4.738289999999999e-67	482	 X2 [Nomascus leucogenys]		
dynamin-3	XP_030679827.1	0.6395173453996983	1.41828e-65	434	 X1 [Nomascus leucogenys]		
