name	id	q_cover	e_val	hit_length	isoform	precursor	extra
interferon-induced GTP-binding protein Mx1	NP_001127618.1	0.9984917043740572	0.0	662			Pongo abelii]
interferon-induced GTP-binding protein Mx2	XP_002830747.1	0.942684766214178	0.0	628			Pongo abelii]
dynamin-2	XP_024092414.1	0.7179487179487181	1.8687999999999997e-67	488	 X1 [Pongo abelii]		
dynamin-1	XP_024107766.1	0.7104072398190046	3.1897199999999995e-67	482	 X7 [Pongo abelii]		
dynamin-3	XP_024104985.1	0.6395173453996983	3.4881799999999998e-68	437	 X5 [Pongo abelii]		
