name	id	q_cover	e_val	hit_length	isoform	precursor	extra
interferon-induced GTP-binding protein Mx1	XP_025236083.1	0.9984917043740572	0.0	662			Theropithecus gelada]
interferon-induced GTP-binding protein Mx2	XP_025234929.1	0.9683257918552036	0.0	656			Theropithecus gelada]
dynamin-2	XP_025221853.1	0.7179487179487181	2.5369199999999997e-68	488	 X1 [Theropithecus gelada]		
dynamin-1	XP_025214555.1	0.7104072398190046	3.9763299999999994e-67	482	 X11 [Theropithecus gelada]		
dynamin-3	XP_025255724.1	0.6395173453996983	9.92473e-66	434	 X1 [Theropithecus gelada]		
